INSERT INTO category (type, base_price) VALUES ('Cat', 60);
INSERT INTO category (type, base_price) VALUES ('Dog', 75);
INSERT INTO category (type, base_price) VALUES ('Rabbit', 50);
INSERT INTO category (type, base_price) VALUES ('Hamster', 40);
INSERT INTO category (type, base_price) VALUES ('Fish', 20);
INSERT INTO category (type, base_price) VALUES ('Tortoise', 10);
INSERT INTO category (type, base_price) VALUES ('Frog', 40);
INSERT INTO category (type, base_price) VALUES ('Terrapin', 20);
INSERT INTO category (type, base_price) VALUES ('Bird', 40);
INSERT INTO category (type, base_price) VALUES ('Insect', 35);
INSERT INTO category (type, base_price) VALUES ('Guinea Pig', 50);
INSERT INTO category (type, base_price) VALUES ('Reptile', 80);

INSERT INTO users (username, password, name, phone_number, area) VALUES ('ggyrgorcewicx0', 'GaZ8nfh', 'Gearalt Gyrgorcewicx', 81526374, 'Kent Ridge');
INSERT INTO users (username, password, name, phone_number, area) VALUES ('kborgbartolo1', 'KKRUoXY', 'Kellia Borg-Bartolo', 86372643, 'Kent Ridge');
INSERT INTO users (username, password, name, phone_number, area) VALUES ('hpoppy2', 'hfwyDx', 'Harman Poppy', 87361735, 'Kent Ridge'); 
INSERT INTO users (username, password, name, phone_number, area) VALUES ('gde3', '4AUB2eD2QWPy', 'Gunner De Domenico', 80490294, 'Hougang');
INSERT INTO users (username, password, name, phone_number, area) VALUES ('eloosley4', 'pBO3jlh', 'Elyn Loosley', 83637234, 'Hougang');
INSERT INTO users (username, password, name, phone_number, area) VALUES ('mdowthwaite5', 'UJE40kJvJ9v', 'Marisa Dowthwaite', 84627362, 'Hougang');
INSERT INTO users (username, password, name, phone_number, area) VALUES ('fscothorn6', '9YJMdrZnL', 'Franny Scothorn', 89424513, 'Hougang');
INSERT INTO users (username, password, name, phone_number, area) VALUES ('tgunnell7', 'GE9lPp', 'Tawsha Gunnell', 93854231, 'Hougang');
INSERT INTO users (username, password, name, phone_number, area) VALUES ('zbehagg8', '9sq76cNjG', 'Zelma Behagg', 83929502, 'Redhill');
INSERT INTO users (username, password, name, phone_number, area) VALUES ('sgemnett9', 'cnkcqCnW6', 'Sylvan Gemnett', 93784234, 'Redhill');
INSERT INTO users (username, password, name, phone_number, area) VALUES ('lricardoua', 'iw6viubXnONT', 'Lynelle Ricardou', 93617342, 'Redhill');
INSERT INTO users (username, password, name, phone_number, area) VALUES ('vmowerb', 'NB6VyDT5X', 'Venita Mower', 92517365, 'Redhill');
INSERT INTO users (username, password, name, phone_number, area) VALUES ('goxshottc', '10fuIL7ZkW', 'Gavan Oxshott', 84756390, 'Redhill');
INSERT INTO users (username, password, name, phone_number, area) VALUES ('vattowd', 'jZLV67dmox0h', 'Vite Attow', 84759231, 'Sengkang');
INSERT INTO users (username, password, name, phone_number, area) VALUES ('sdie', 'wzMxt2', 'Salomon Di Francecshi', 93458104, 'Sengkang');
INSERT INTO users (username, password, name, phone_number, area) VALUES ('sdemerf', 'YpmParKgzt', 'Sander Demer', 84756391, 'Sengkang');
INSERT INTO users (username, password, name, phone_number, area) VALUES ('mromaineg', 'JQTYpfuZtR', 'Maurise Romaine', 98105452, 'Sengkang');
INSERT INTO users (username, password, name, phone_number, area) VALUES ('voh', 'gbVRWWctMRCR', 'Verne O'' Byrne', 84513951, 'Sengkang');
INSERT INTO users (username, password, name, phone_number, area) VALUES ('sfendlowi', 'hZip2RDK', 'Sindee Fendlow', 90415743, 'Punggol');
INSERT INTO users (username, password, name, phone_number, area) VALUES ('jcanadasj', 'wmHi3u2ndA', 'Janeva Canadas', 84194712, 'Punggol');
INSERT INTO users (username, password, name, phone_number, area) VALUES ('fbagehotk', 'EzO79fWxF', 'Filmore Bagehot', 90813524, 'Punggol');
INSERT INTO users (username, password, name, phone_number, area) VALUES ('mginnallyl', 'c3sfjv2xYCO', 'Martie Ginnally', 85190101, 'Punggol');
INSERT INTO users (username, password, name, phone_number, area) VALUES ('sarmytagem', '6fA18mtcGD2S', 'Sheff Armytage', 90298439, 'Punggol');
INSERT INTO users (username, password, name, phone_number, area) VALUES ('kbellamn', 'w2tvQh', 'Kati Bellam', 90493325, 'Woodlands');
INSERT INTO users (username, password, name, phone_number, area) VALUES ('tcroydono', 'buDj9su', 'Trevar Croydon', 81594850, 'Woodlands');
INSERT INTO users (username, password, name, phone_number, area) VALUES ('lschruyersp', 'G5AlP9L8', 'Lotti Schruyers', 84290451, 'Woodlands');
INSERT INTO users (username, password, name, phone_number, area) VALUES ('cpurslowq', 'W00Xe0', 'Carmen Purslow', 90314255, 'Woodlands');
INSERT INTO users (username, password, name, phone_number, area) VALUES ('chummr', 'kKkCIVqh', 'Clem Humm', 99201473, 'Woodlands');
INSERT INTO users (username, password, name, phone_number, area) VALUES ('lpembers', 'Elf80Wryt', 'Lynnet Pember', 83982032, 'Bishan');
INSERT INTO users (username, password, name, phone_number, area) VALUES ('lmartynt', 'XHxWDAIty8J', 'Linea Martyn', 98104231, 'Bishan');
INSERT INTO users (username, password, name, phone_number, area) VALUES ('bglavesu', 'bHwo6XNxfjKa', 'Barby Glaves', 89140242, 'Bishan');
INSERT INTO users (username, password, name, phone_number, area) VALUES ('bheibelv', 'TZT1rEIiUc', 'Beulah Heibel', 98374678, 'Bishan');
INSERT INTO users (username, password, name, phone_number, area) VALUES ('ptweddellw', 'Fldj93ZY', 'Powell Tweddell', 98374059, 'Bishan');
INSERT INTO users (username, password, name, phone_number, area) VALUES ('npoynterx', '5h0cLPH', 'Noelyn Poynter', '92398700', 'Paya Lebar');
INSERT INTO users (username, password, name, phone_number, area) VALUES ('tskerratty', 'Z0jIjNjxFEU', 'Tremaine Skerratt', 87563882, 'Yishun');
INSERT INTO users (username, password, name, phone_number, area) VALUES ('flindleyz', 'se9LspS', 'Freddi Lindley', 99302452, 'Yishun');
INSERT INTO users (username, password, name, phone_number, area) VALUES ('mmerali10', 'x984w6', 'Morse Merali', 88822000, 'Yishun');
INSERT INTO users (username, password, name, phone_number, area) VALUES ('ddarmody11', 'yAzzBpNbuhOU', 'Dorie Darmody', 98392342, 'Yishun');
INSERT INTO users (username, password, name, phone_number, area) VALUES ('wmcquin12', 'n0EAanKMXHp', 'Willette McQuin', 83005234, 'Yishun');
INSERT INTO users (username, password, name, phone_number, area) VALUES ('bjanus13', 'fVVNmgApHqq', 'Boonie Janus', 80204234, 'Yishun');
INSERT INTO users (username, password, name, phone_number, area) VALUES ('rmcgraith14', 'CCJJlsit2DN4', 'Raymond McGraith', 94445566, 'Khatib');
INSERT INTO users (username, password, name, phone_number, area) VALUES ('csheehy15', 'XyTi5GTjX', 'Celestyn Sheehy', 92234523, 'Khatib');
INSERT INTO users (username, password, name, phone_number, area) VALUES ('lsutterby16', 'jfDwVDunBGF', 'Lorrie Sutterby', 93294211, 'Khatib');
INSERT INTO users (username, password, name, phone_number, area) VALUES ('lutting17', 'fF1vpBVdIv', 'Lizzy Utting', 83020000, 'Khatib');
INSERT INTO users (username, password, name, phone_number, area) VALUES ('agunstone18', 'iJ5uBT00', 'Atalanta Gunstone', 89024377, 'Khatib');
INSERT INTO users (username, password, name, phone_number, area) VALUES ('ndenne19', 'NLnG1zo', 'Netti Denne', 99929342, 'Bukit Panjang');
INSERT INTO users (username, password, name, phone_number, area) VALUES ('fleggett1a', 'p5nEgm', 'Flin Leggett', 89029003, 'Bukit Panjang');
INSERT INTO users (username, password, name, phone_number, area) VALUES ('aperrat1b', 'xqwUMyjeDaX', 'Andriana Perrat', 93985943, 'Bukit Panjang');
INSERT INTO users (username, password, name, phone_number, area) VALUES ('ostockin1c', '8MszvYqJ', 'Othello Stockin', 93958202, 'Bukit Panjang');
INSERT INTO users (username, password, name, phone_number, area) VALUES ('jpohl1d', 'rhM8GzTp', 'Jayne Pohl', '92398789', 'Paya Lebar');
INSERT INTO users (username, password, name, phone_number, area) VALUES ('emacilraith1e', 'fTIHf5nkEg', 'Eliot MacIlraith', '92398788', 'Paya Lebar');
INSERT INTO users (username, password, name, phone_number, area) VALUES ('gcanadas1f', 'r7kV1RBndK', 'Giulietta Canadas',  '92398787', 'Paya Lebar');
INSERT INTO users (username, password, name, phone_number, area) VALUES ('coxbury1g', 'lilaaAKL', 'Crawford Oxbury',  '92398786', 'Aljunied');
INSERT INTO users (username, password, name, phone_number, area) VALUES ('bwheelwright1h', 'JYLdsZVF', 'Burnard Wheelwright',  '92398785', 'Aljunied');
INSERT INTO users (username, password, name, phone_number, area) VALUES ('mrealff1i', 'sirZnZjT', 'Maximilian Realff', '92398784', 'Aljunied');
INSERT INTO users (username, password, name, phone_number, area) VALUES ('gmckinna1j', 'FMRav7eXF', 'Goober McKinna', '92398783', 'Eunos');
INSERT INTO users (username, password, name, phone_number, area) VALUES ('bmatushenko1k', 'w15GHVws5xrQ', 'Becki Matushenko', '92398782', 'Eunos');
INSERT INTO users (username, password, name, phone_number, area) VALUES ('alockier1l', 'cUiK2ECJg24S', 'Arabele Lockier', '92398781', 'Eunos');
INSERT INTO users (username, password, name, phone_number, area) VALUES ('kquarmby1m', 'e8naDhOLp8eq', 'Karol Quarmby', '92398780', 'Eunos');
INSERT INTO users (username, password, name, phone_number, area) VALUES ('rbaudinet1n', 'dVbDw53iUl0F', 'Ruthie Baudinet', '92398799', 'Kembangan');
INSERT INTO users (username, password, name, phone_number, area) VALUES ('bmurty1o', 'j3c7ro', 'Brandie Murty', '92398798', 'Kembangan');
INSERT INTO users (username, password, name, phone_number, area) VALUES ('amaple1p', 'QUqzqQL7vSBQ', 'Angeline Maple', '92398797', 'Kembangan');
INSERT INTO users (username, password, name, phone_number, area) VALUES ('qguilaem1q', 'HlDyOJUz', 'Quintina Guilaem', '92398796', 'Bedok');
INSERT INTO users (username, password, name, phone_number, area) VALUES ('abohman1r', 'Ci9Ah3L6ihTl', 'Ambrosio Bohman', '92398795', 'Bedok');
INSERT INTO users (username, password, name, phone_number, area) VALUES ('ntelling1s', 'URNud4T87', 'Nerita Telling', '92398794', 'Bedok');
INSERT INTO users (username, password, name, phone_number, area) VALUES ('qmcfadin1t', 'tBmga5Jt4Pa', 'Quillan McFadin', '92398793', 'Bedok');
INSERT INTO users (username, password, name, phone_number, area) VALUES ('faslen1u', 'vC7whtKJxuLD', 'Florina Aslen', '92398792', 'Tanah Merah');
INSERT INTO users (username, password, name, phone_number, area) VALUES ('cruncieman1v', 'eamgQGGpiM', 'Carmelia Runcieman', '92398791', 'Tanah Merah');
INSERT INTO users (username, password, name, phone_number, area) VALUES ('cebbutt1w', 'T9xO7wxEz8', 'Cari Ebbutt', '92398790', 'Tanah Merah');
INSERT INTO users (username, password, name, phone_number, area) VALUES ('sweepers1x', 'gE9DB3aUdO', 'Skippy Weepers', '92398800', 'Tanah Merah');
INSERT INTO users (username, password, name, phone_number, area) VALUES ('kritchley1y', '2HeJGBT', 'Kass Ritchley', '92398801', 'Simei');
INSERT INTO users (username, password, name, phone_number, area) VALUES ('kbunny1z', 'oq7OEesZZ', 'Kristan Bunny', '92398802', 'Simei');
INSERT INTO users (username, password, name, phone_number, area) VALUES ('ashark20', 'QOUw3ARW', 'Athena Shark', '92398803', 'Simei');
INSERT INTO users (username, password, name, phone_number, area) VALUES ('cferrarin21', 'gmkhe84pf9sn', 'Clarita Ferrarin', '92398804', 'Tampines');
INSERT INTO users (username, password, name, phone_number, area) VALUES ('rskaid22', '1iI6g9', 'Read Skaid', '92398805', 'Tampines');
INSERT INTO users (username, password, name, phone_number, area) VALUES ('thaacker23', 'FhrdC8js1', 'Tad Haacker', '92398806', 'Pasir Ris');
INSERT INTO users (username, password, name, phone_number, area) VALUES ('rskerme24', 'e2xPorKjDc', 'Rosemarie Skerme', '92398807', 'Pasir Ris');
INSERT INTO users (username, password, name, phone_number, area) VALUES ('tdevitt25', 'EUj7fWJ4Oxy', 'Titos Devitt', '92398808', 'Pasir Ris');
INSERT INTO users (username, password, name, phone_number, area) VALUES ('gwennam26', 'Nx7SoLLnp3yP', 'Georas Wennam', '92398809', 'Pasir Ris');
INSERT INTO users (username, password, name, phone_number, area) VALUES ('root', 'root12345', 'root', '91234321', 'Pasir Ris');

INSERT INTO pcs_admin  (username, position) VALUES ('thaacker23', 'CEO');
INSERT INTO pcs_admin  (username, position) VALUES ('rskerme24', 'Manager');
INSERT INTO pcs_admin  (username, position) VALUES ('tdevitt25', 'Executive');
INSERT INTO pcs_admin  (username, position) VALUES ('gwennam26', 'Intern');
INSERT INTO pcs_admin  (username, position) VALUES ('root', 'Root');

INSERT INTO care_taker (username) VALUES ('ggyrgorcewicx0');
INSERT INTO care_taker (username) VALUES ('kborgbartolo1');
INSERT INTO care_taker (username) VALUES ('hpoppy2');
INSERT INTO care_taker (username) VALUES ('gde3');
INSERT INTO care_taker (username) VALUES ('eloosley4');
INSERT INTO care_taker (username) VALUES ('mdowthwaite5');
INSERT INTO care_taker (username) VALUES ('fscothorn6');
INSERT INTO care_taker (username) VALUES ('tgunnell7');
INSERT INTO care_taker (username) VALUES ('zbehagg8');
INSERT INTO care_taker (username) VALUES ('sgemnett9');
INSERT INTO care_taker (username) VALUES ('lricardoua');
INSERT INTO care_taker (username) VALUES ('vmowerb');
INSERT INTO care_taker (username) VALUES ('goxshottc');
INSERT INTO care_taker (username) VALUES ('vattowd');
INSERT INTO care_taker (username) VALUES ('sdie');
INSERT INTO care_taker (username) VALUES ('sdemerf');
INSERT INTO care_taker (username) VALUES ('mromaineg');
INSERT INTO care_taker (username) VALUES ('voh');
INSERT INTO care_taker (username) VALUES ('sfendlowi');
INSERT INTO care_taker (username) VALUES ('jcanadasj');
INSERT INTO care_taker (username) VALUES ('fbagehotk');

INSERT INTO full_time (username) VALUES ('ggyrgorcewicx0');
INSERT INTO full_time (username) VALUES ('kborgbartolo1');
INSERT INTO full_time (username) VALUES ('hpoppy2');
INSERT INTO full_time (username) VALUES ('gde3');
INSERT INTO full_time (username) VALUES ('eloosley4');
INSERT INTO full_time (username) VALUES ('mdowthwaite5');
INSERT INTO full_time (username) VALUES ('fscothorn6');
INSERT INTO full_time (username) VALUES ('tgunnell7');
INSERT INTO full_time (username) VALUES ('zbehagg8');
INSERT INTO full_time (username) VALUES ('sgemnett9');

INSERT INTO apply_leave (username, date, reason) VALUES ('ggyrgorcewicx0', '2021-11-29', 'Dental appointment');
INSERT INTO apply_leave (username, date, reason) VALUES ('ggyrgorcewicx0', '2020-05-04', 'MC');
INSERT INTO apply_leave (username, date, reason) VALUES ('ggyrgorcewicx0', '2020-05-10', 'Vacation');
INSERT INTO apply_leave (username, date, reason) VALUES ('kborgbartolo1', '2020-11-12', 'Birthday');
INSERT INTO apply_leave (username, date, reason) VALUES ('kborgbartolo1', '2020-05-10', NULL);
INSERT INTO apply_leave (username, date, reason) VALUES ('hpoppy2', '2021-12-01', 'MC');
INSERT INTO apply_leave (username, date, reason) VALUES ('gde3' , '2020-10-15', 'Dental appointment');
INSERT INTO apply_leave (username, date, reason) VALUES ('gde3' , '2020-10-16', 'Tired');
INSERT INTO apply_leave (username, date, reason) VALUES ('eloosley4', '2021-04-20', 'Personal matters');
INSERT INTO apply_leave (username, date, reason) VALUES ('mdowthwaite5', '2021-03-02', 'Personal matters');
INSERT INTO apply_leave (username, date, reason) VALUES ('fscothorn6', '2021-01-01', NULL);
INSERT INTO apply_leave (username, date, reason) VALUES ('tgunnell7', '2021-04-29', 'Family matters');
INSERT INTO apply_leave (username, date, reason) VALUES ('tgunnell7', '2021-04-03', 'Medical appointment');
INSERT INTO apply_leave (username, date, reason) VALUES ('zbehagg8', '2021-07-08', 'Rest');
INSERT INTO apply_leave (username, date, reason) VALUES ('sgemnett9', '2021-06-20', 'Personal matters');

INSERT INTO part_time (username) VALUES ('lricardoua');
INSERT INTO part_time (username) VALUES ('vmowerb');
INSERT INTO part_time (username) VALUES ('goxshottc');
INSERT INTO part_time (username) VALUES ('vattowd');
INSERT INTO part_time (username) VALUES ('sdie');
INSERT INTO part_time (username) VALUES ('sdemerf');
INSERT INTO part_time (username) VALUES ('mromaineg');
INSERT INTO part_time (username) VALUES ('voh');
INSERT INTO part_time (username) VALUES ('sfendlowi');
INSERT INTO part_time (username) VALUES ('jcanadasj');
INSERT INTO part_time (username) VALUES ('fbagehotk');

INSERT INTO specify_availability (username, date) VALUES ('lricardoua', '2020-03-30');
INSERT INTO specify_availability (username, date) VALUES ('lricardoua', '2020-03-31');
INSERT INTO specify_availability (username, date) VALUES ('lricardoua', '2020-04-01');
INSERT INTO specify_availability (username, date) VALUES ('lricardoua', '2021-04-01');
INSERT INTO specify_availability (username, date) VALUES ('vmowerb', '2020-08-08');
INSERT INTO specify_availability (username, date) VALUES ('vmowerb', '2020-07-07');
INSERT INTO specify_availability (username, date) VALUES ('vmowerb', '2020-06-06');
INSERT INTO specify_availability (username, date) VALUES ('vmowerb', '2020-05-05');
INSERT INTO specify_availability (username, date) VALUES ('vmowerb', '2021-06-20');
INSERT INTO specify_availability (username, date) VALUES ('goxshottc', '2020-06-21');
INSERT INTO specify_availability (username, date) VALUES ('goxshottc', '2021-06-21');
INSERT INTO specify_availability (username, date) VALUES ('goxshottc', '2021-06-22');
INSERT INTO specify_availability (username, date) VALUES ('vattowd', '2020-06-06');
INSERT INTO specify_availability (username, date) VALUES ('vattowd', '2020-06-23');
INSERT INTO specify_availability (username, date) VALUES ('vattowd', '2021-06-23');
INSERT INTO specify_availability (username, date) VALUES ('sdie', '2020-06-10');
INSERT INTO specify_availability (username, date) VALUES ('sdie', '2021-06-10');
INSERT INTO specify_availability (username, date) VALUES ('sdie', '2021-06-11');
INSERT INTO specify_availability (username, date) VALUES ('sdie', '2021-06-12');
INSERT INTO specify_availability (username, date) VALUES ('sdemerf', '2020-05-13');
INSERT INTO specify_availability (username, date) VALUES ('sdemerf', '2020-05-14');
INSERT INTO specify_availability (username, date) VALUES ('sdemerf', '2021-05-13');
INSERT INTO specify_availability (username, date) VALUES ('sdemerf', '2021-06-30');
INSERT INTO specify_availability (username, date) VALUES ('mromaineg', '2020-07-20');
INSERT INTO specify_availability (username, date) VALUES ('mromaineg', '2020-07-21');
INSERT INTO specify_availability (username, date) VALUES ('mromaineg', '2021-07-20');
INSERT INTO specify_availability (username, date) VALUES ('voh', '2020-10-11');
INSERT INTO specify_availability (username, date) VALUES ('voh', '2020-01-30');
INSERT INTO specify_availability (username, date) VALUES ('voh', '2020-10-13');
INSERT INTO specify_availability (username, date) VALUES ('voh', '2021-02-13');
INSERT INTO specify_availability (username, date) VALUES ('sfendlowi', '2020-10-15');
INSERT INTO specify_availability (username, date) VALUES ('sfendlowi', '2021-10-15');
INSERT INTO specify_availability (username, date) VALUES ('jcanadasj', '2020-02-14');
INSERT INTO specify_availability (username, date) VALUES ('jcanadasj', '2021-02-14');
INSERT INTO specify_availability (username, date) VALUES ('fbagehotk', '2020-02-13');
INSERT INTO specify_availability (username, date) VALUES ('fbagehotk', '2021-02-13');

INSERT INTO can_care (username, type, price) VALUES ('ggyrgorcewicx0', 'Cat', NULL);
INSERT INTO can_care (username, type, price) VALUES ('ggyrgorcewicx0', 'Rabbit', NULL);
INSERT INTO can_care (username, type, price) VALUES ('kborgbartolo1', 'Fish', 21);
INSERT INTO can_care (username, type, price) VALUES ('hpoppy2',  'Frog', 43);
INSERT INTO can_care (username, type, price) VALUES ('hpoppy2',  'Tortoise', 20);
INSERT INTO can_care (username, type, price) VALUES ('gde3', 'Cat', 61);
INSERT INTO can_care (username, type, price) VALUES ('eloosley4', 'Insect', 40);
INSERT INTO can_care (username, type, price) VALUES ('eloosley4', 'Fish', 25);
INSERT INTO can_care (username, type, price) VALUES ('mdowthwaite5', 'Terrapin', 23);
INSERT INTO can_care (username, type, price) VALUES ('mdowthwaite5', 'Tortoise', 15);
INSERT INTO can_care (username, type, price) VALUES ('fscothorn6', 'Reptile', 95);
INSERT INTO can_care (username, type, price) VALUES ('fscothorn6', 'Hamster', 42);
INSERT INTO can_care (username, type, price) VALUES ('fscothorn6', 'Guinea Pig', 54);
INSERT INTO can_care (username, type, price) VALUES ('tgunnell7', 'Cat', 64);
INSERT INTO can_care (username, type, price) VALUES ('zbehagg8', 'Guinea Pig', NULL);
INSERT INTO can_care (username, type, price) VALUES ('zbehagg8', 'Dog', NULL);
INSERT INTO can_care (username, type, price) VALUES ('zbehagg8', 'Insect', NULL);
INSERT INTO can_care (username, type, price) VALUES ('sgemnett9', 'Cat', 75);
INSERT INTO can_care (username, type, price) VALUES ('sgemnett9', 'Dog', 80);
INSERT INTO can_care (username, type, price) VALUES ('sgemnett9', 'Fish', NULL);
INSERT INTO can_care (username, type, price) VALUES ('sgemnett9', 'Bird', 50);
INSERT INTO can_care (username, type, price) VALUES ('lricardoua', 'Cat', 65);
INSERT INTO can_care (username, type, price) VALUES ('lricardoua', 'Dog', 80);
INSERT INTO can_care (username, type, price) VALUES ('vmowerb', 'Cat', NULL);
INSERT INTO can_care (username, type, price) VALUES ('goxshottc', 'Cat', NULL);
INSERT INTO can_care (username, type, price) VALUES ('goxshottc', 'Guinea Pig', NULL);
INSERT INTO can_care (username, type, price) VALUES ('goxshottc', 'Rabbit', NULL);
INSERT INTO can_care (username, type, price) VALUES ('vattowd', 'Bird', 50);
INSERT INTO can_care (username, type, price) VALUES ('sdie', 'Terrapin', 22);
INSERT INTO can_care (username, type, price) VALUES ('sdemerf', 'Cat', NULL);
INSERT INTO can_care (username, type, price) VALUES ('sdemerf', 'Bird', 44);
INSERT INTO can_care (username, type, price) VALUES ('mromaineg', 'Cat', NULL);
INSERT INTO can_care (username, type, price) VALUES ('voh', 'Cat', 70);
INSERT INTO can_care (username, type, price) VALUES ('voh', 'Hamster', NULL);
INSERT INTO can_care (username, type, price) VALUES ('sfendlowi', 'Cat', NULL);
INSERT INTO can_care (username, type, price) VALUES ('sfendlowi', 'Frog', 40);
INSERT INTO can_care (username, type, price) VALUES ('jcanadasj', 'Cat', NULL);
INSERT INTO can_care (username, type, price) VALUES ('jcanadasj', 'Fish', 25);
INSERT INTO can_care (username, type, price) VALUES ('jcanadasj', 'Hamster', 50);
INSERT INTO can_care (username, type, price) VALUES ('fbagehotk', 'Fish', 30);

INSERT INTO pet_owner (username, credit_card) VALUES ('mginnallyl', 5264874954029743);
INSERT INTO pet_owner (username, credit_card) VALUES ('sarmytagem', 5424485703558476);
INSERT INTO pet_owner (username, credit_card) VALUES ('kbellamn', 5264859243053044);
INSERT INTO pet_owner (username, credit_card) VALUES ('tcroydono', 5264834132593044);
INSERT INTO pet_owner (username, credit_card) VALUES ('lschruyersp', 5264238701438250);
INSERT INTO pet_owner (username, credit_card) VALUES ('cpurslowq', 5264108510252103);
INSERT INTO pet_owner (username, credit_card) VALUES ('chummr', 5264095510958309);
INSERT INTO pet_owner (username, credit_card) VALUES ('lpembers', 5264108510252145);
INSERT INTO pet_owner (username, credit_card) VALUES ('lmartynt', 5264108765252103);
INSERT INTO pet_owner (username, credit_card) VALUES ('bglavesu', 5264148500252103);
INSERT INTO pet_owner (username, credit_card) VALUES ('bheibelv', 5264948930285478);
INSERT INTO pet_owner (username, credit_card) VALUES ('ptweddellw', 5264948930285477);
INSERT INTO pet_owner (username, credit_card) VALUES ('npoynterx', 5264944430285478);
INSERT INTO pet_owner (username, credit_card) VALUES ('tskerratty', 5264948930285453);
INSERT INTO pet_owner (username, credit_card) VALUES ('flindleyz', 5264948937543478);
INSERT INTO pet_owner (username, credit_card) VALUES ('mmerali10', 5264947560285478);
INSERT INTO pet_owner (username, credit_card) VALUES ('ddarmody11', 5264948930285474);
INSERT INTO pet_owner (username, credit_card) VALUES ('wmcquin12', 5264948465785478);
INSERT INTO pet_owner (username, credit_card) VALUES ('bjanus13', 5264946510285478);
INSERT INTO pet_owner (username, credit_card) VALUES ('rmcgraith14', 5264948930284518);
INSERT INTO pet_owner (username, credit_card) VALUES ('csheehy15', 5264948934777478);
INSERT INTO pet_owner (username, credit_card) VALUES ('lsutterby16', 5264966640285478);
INSERT INTO pet_owner (username, credit_card) VALUES ('lutting17', 5264948930282345);
INSERT INTO pet_owner (username, credit_card) VALUES ('agunstone18', 5424485788858476);
INSERT INTO pet_owner (username, credit_card) VALUES ('ndenne19', 5424485701223476);
INSERT INTO pet_owner (username, credit_card) VALUES ('fleggett1a', 5424485700009476);
INSERT INTO pet_owner (username, credit_card) VALUES ('aperrat1b', 5424485703303076);
INSERT INTO pet_owner (username, credit_card) VALUES ('ostockin1c', 5424485703302976);
INSERT INTO pet_owner (username, credit_card) VALUES ('jpohl1d', 5424485739398476);
INSERT INTO pet_owner (username, credit_card) VALUES ('emacilraith1e', 5424439485255847);
INSERT INTO pet_owner (username, credit_card) VALUES ('gcanadas1f', 5424485703393976);
INSERT INTO pet_owner (username, credit_card) VALUES ('coxbury1g', 5424485703553339);
INSERT INTO pet_owner (username, credit_card) VALUES ('bwheelwright1h', 5424485703553423);
INSERT INTO pet_owner (username, credit_card) VALUES ('mrealff1i', 5424485703534141);
INSERT INTO pet_owner (username, credit_card) VALUES ('gmckinna1j', 5424485703412992);
INSERT INTO pet_owner (username, credit_card) VALUES ('bmatushenko1k', NULL);
INSERT INTO pet_owner (username, credit_card) VALUES ('alockier1l', NULL);
INSERT INTO pet_owner (username, credit_card) VALUES ('kquarmby1m', NULL);
INSERT INTO pet_owner (username, credit_card) VALUES ('rbaudinet1n', NULL);
INSERT INTO pet_owner (username, credit_card) VALUES ('bmurty1o', NULL);
INSERT INTO pet_owner (username, credit_card) VALUES ('amaple1p', NULL);
INSERT INTO pet_owner (username, credit_card) VALUES ('qguilaem1q', NULL);
INSERT INTO pet_owner (username, credit_card) VALUES ('abohman1r', NULL);
INSERT INTO pet_owner (username, credit_card) VALUES ('ntelling1s', NULL);
INSERT INTO pet_owner (username, credit_card) VALUES ('qmcfadin1t', NULL);
INSERT INTO pet_owner (username, credit_card) VALUES ('faslen1u', NULL);
INSERT INTO pet_owner (username, credit_card) VALUES ('cruncieman1v', NULL);
INSERT INTO pet_owner (username, credit_card) VALUES ('cebbutt1w', NULL);
INSERT INTO pet_owner (username, credit_card) VALUES ('sweepers1x', NULL);
INSERT INTO pet_owner (username, credit_card) VALUES ('kritchley1y', NULL);
INSERT INTO pet_owner (username, credit_card) VALUES ('kbunny1z', NULL);
INSERT INTO pet_owner (username, credit_card) VALUES ('ashark20', NULL);
INSERT INTO pet_owner (username, credit_card) VALUES ('cferrarin21', NULL);
INSERT INTO pet_owner (username, credit_card) VALUES ('rskaid22', NULL);

INSERT INTO own_pet_belong (username, name, type) VALUES ('mginnallyl', 'Spiky', 'Dog');
INSERT INTO own_pet_belong (username, name, type) VALUES ('sarmytagem', 'Nelly', 'Cat');
INSERT INTO own_pet_belong (username, name, type) VALUES ('kbellamn', 'Hello World', 'Bird');
INSERT INTO own_pet_belong (username, name, type) VALUES ('tcroydono', 'Flash', 'Rabbit');
INSERT INTO own_pet_belong (username, name, type) VALUES ('lschruyersp', 'Reddy', 'Reptile');
INSERT INTO own_pet_belong (username, name, type) VALUES ('cpurslowq', 'Yoyo', 'Bird');
INSERT INTO own_pet_belong (username, name, type) VALUES ('chummr', 'Jumpy', 'Frog');
INSERT INTO own_pet_belong (username, name, type) VALUES ('lutting17', 'Run', 'Hamster');
INSERT INTO own_pet_belong (username, name, type) VALUES ('agunstone18', 'Dirty', 'Guinea Pig');
INSERT INTO own_pet_belong (username, name, type) VALUES ('ndenne19', 'Blacky', 'Terrapin');
INSERT INTO own_pet_belong (username, name, type) VALUES ('fleggett1a', 'Red Grouper', 'Fish');
INSERT INTO own_pet_belong (username, name, type) VALUES ('aperrat1b',  'Boy', 'Dog');
INSERT INTO own_pet_belong (username, name, type) VALUES ('ostockin1c', 'Tsk Tsk', 'Reptile');
INSERT INTO own_pet_belong (username, name, type) VALUES ('jpohl1d', 'Rare', 'Insect' );
INSERT INTO own_pet_belong (username, name, type) VALUES ('emacilraith1e', 'Lightning', 'Fish');
INSERT INTO own_pet_belong (username, name, type) VALUES ('gcanadas1f', 'Soft', 'Rabbit');
INSERT INTO own_pet_belong (username, name, type) VALUES ('coxbury1g', 'Leo', 'Cat');
INSERT INTO own_pet_belong (username, name, type) VALUES ('bwheelwright1h', 'Spotty', 'Guinea Pig');
INSERT INTO own_pet_belong (username, name, type) VALUES ('mrealff1i', 'Sool', 'Dog');
INSERT INTO own_pet_belong (username, name, type) VALUES ('gmckinna1j', 'Rady', 'Fish');
INSERT INTO own_pet_belong (username, name, type) VALUES ('bmatushenko1k', 'Stripy', 'Insect');
INSERT INTO own_pet_belong (username, name, type) VALUES ('alockier1l', 'Ham' ,'Hamster');
INSERT INTO own_pet_belong (username, name, type) VALUES ('kquarmby1m', 'Slowly', 'Tortoise');
INSERT INTO own_pet_belong (username, name, type) VALUES ('rbaudinet1n', 'Frank', 'Bird');
INSERT INTO own_pet_belong (username, name, type) VALUES ('rbaudinet1n', 'Bao', 'Hamster');
INSERT INTO own_pet_belong (username, name, type) VALUES ('bmurty1o', 'Gilley', 'Fish');
INSERT INTO own_pet_belong (username, name, type) VALUES ('amaple1p', 'Mist', 'Reptile');
INSERT INTO own_pet_belong (username, name, type) VALUES ('qguilaem1q', 'Girl', 'Rabbit');
INSERT INTO own_pet_belong (username, name, type) VALUES ('abohman1r', 'Angel', 'Dog');
INSERT INTO own_pet_belong (username, name, type) VALUES ('abohman1r', 'Dear', 'Dog');
INSERT INTO own_pet_belong (username, name, type) VALUES ('ntelling1s', 'Dusty', 'Hamster');
INSERT INTO own_pet_belong (username, name, type) VALUES ('qmcfadin1t', 'Chloe', 'Cat');
INSERT INTO own_pet_belong (username, name, type) VALUES ('faslen1u', 'Bug', 'Insect');
INSERT INTO own_pet_belong (username, name, type) VALUES ('cruncieman1v', 'Boo', 'Frog');
INSERT INTO own_pet_belong (username, name, type) VALUES ('cebbutt1w', 'Darling', 'Bird');
INSERT INTO own_pet_belong (username, name, type) VALUES ('sweepers1x', 'Honey', 'Tortoise');
INSERT INTO own_pet_belong (username, name, type) VALUES ('kritchley1y', 'Babe', 'Rabbit');
INSERT INTO own_pet_belong (username, name, type) VALUES ('kbunny1z', 'Smelly', 'Cat');
INSERT INTO own_pet_belong (username, name, type) VALUES ('ashark20', 'Woof', 'Dog');
INSERT INTO own_pet_belong (username, name, type) VALUES ('cferrarin21', 'Baby', 'Dog');
INSERT INTO own_pet_belong (username, name, type) VALUES ('rskaid22', 'Liz', 'Reptile');

INSERT INTO special_requirement (rtype, requirement) VALUES ('walk', 'Daily');
INSERT INTO special_requirement (rtype, requirement) VALUES ('walk', 'Twice a day');
INSERT INTO special_requirement (rtype, requirement) VALUES ('walk', 'Thrice a day');
INSERT INTO special_requirement (rtype, requirement) VALUES ('walk', 'Weekly');
INSERT INTO special_requirement (rtype, requirement) VALUES ('walk', 'Twice a week');
INSERT INTO special_requirement (rtype, requirement) VALUES ('walk', 'Thrice a week');
INSERT INTO special_requirement (rtype, requirement) VALUES ('diet', 'Dry');
INSERT INTO special_requirement (rtype, requirement) VALUES ('diet', 'Canned');
INSERT INTO special_requirement (rtype, requirement) VALUES ('diet', 'Semi-moist');
INSERT INTO special_requirement (rtype, requirement) VALUES ('diet', 'Fresh');
INSERT INTO special_requirement (rtype, requirement) VALUES ('diet', 'Home cooked');
INSERT INTO special_requirement (rtype, requirement) VALUES ('diet', 'Raw');
INSERT INTO special_requirement (rtype, requirement) VALUES ('diet', 'Milk');
INSERT INTO special_requirement (rtype, requirement) VALUES ('diet', 'Grain');

INSERT INTO has (username, name, rtype, requirement) VALUES ('mginnallyl', 'Spiky', 'walk', 'Thrice a day');
INSERT INTO has (username, name, rtype, requirement) VALUES ('mginnallyl', 'Spiky', 'diet', 'Home cooked');
INSERT INTO has (username, name, rtype, requirement) VALUES ('sarmytagem', 'Nelly', 'diet', 'Home cooked');
INSERT INTO has (username, name, rtype, requirement) VALUES ('kbellamn', 'Hello World', 'diet', 'Grain');
INSERT INTO has (username, name, rtype, requirement) VALUES ('tcroydono', 'Flash', 'diet', 'Fresh');
INSERT INTO has (username, name, rtype, requirement) VALUES ('cpurslowq', 'Yoyo', 'diet', 'Grain');
INSERT INTO has (username, name, rtype, requirement) VALUES ('lutting17', 'Run', 'diet', 'Dry');
INSERT INTO has (username, name, rtype, requirement) VALUES ('agunstone18', 'Dirty', 'diet', 'Dry');
INSERT INTO has (username, name, rtype, requirement) VALUES ('fleggett1a', 'Red Grouper', 'diet', 'Dry');
INSERT INTO has (username, name, rtype, requirement) VALUES ('aperrat1b', 'Boy', 'walk', 'Thrice a day');
INSERT INTO has (username, name, rtype, requirement) VALUES ('aperrat1b', 'Boy', 'diet', 'Semi-moist');
INSERT INTO has (username, name, rtype, requirement) VALUES ('jpohl1d', 'Rare', 'diet', 'Fresh');
INSERT INTO has (username, name, rtype, requirement) VALUES ('emacilraith1e', 'Lightning', 'diet', 'Dry');
INSERT INTO has (username, name, rtype, requirement) VALUES ('gcanadas1f', 'Soft', 'diet', 'Fresh');
INSERT INTO has (username, name, rtype, requirement) VALUES ('coxbury1g', 'Leo', 'diet', 'Milk');
INSERT INTO has (username, name, rtype, requirement) VALUES ('bwheelwright1h', 'Spotty', 'diet', 'Fresh');
INSERT INTO has (username, name, rtype, requirement) VALUES ('mrealff1i', 'Sool', 'walk', 'Twice a week');
INSERT INTO has (username, name, rtype, requirement) VALUES ('mrealff1i', 'Sool', 'diet', 'Canned');
INSERT INTO has (username, name, rtype, requirement) VALUES ('gmckinna1j', 'Rady', 'diet', 'Dry');
INSERT INTO has (username, name, rtype, requirement) VALUES ('alockier1l', 'Ham', 'diet', 'Raw');
INSERT INTO has (username, name, rtype, requirement) VALUES ('kquarmby1m', 'Slowly', 'diet', 'Dry');
INSERT INTO has (username, name, rtype, requirement) VALUES ('rbaudinet1n', 'Frank',  'diet',  'Dry');
INSERT INTO has (username, name, rtype, requirement) VALUES ('rbaudinet1n', 'Bao',  'diet', 'Dry');
INSERT INTO has (username, name, rtype, requirement) VALUES ('bmurty1o', 'Gilley', 'diet', 'Dry');
INSERT INTO has (username, name, rtype, requirement) VALUES ('amaple1p', 'Mist', 'diet', 'Dry');
INSERT INTO has (username, name, rtype, requirement) VALUES ('qguilaem1q', 'Girl', 'diet', 'Fresh');
INSERT INTO has (username, name, rtype, requirement) VALUES ('abohman1r', 'Angel', 'walk', 'Twice a day');
INSERT INTO has (username, name, rtype, requirement) VALUES ('abohman1r', 'Dear', 'walk', 'Twice a day');
INSERT INTO has (username, name, rtype, requirement) VALUES ('ntelling1s', 'Dusty', 'diet', 'Dry');
INSERT INTO has (username, name, rtype, requirement) VALUES ('qmcfadin1t', 'Chloe', 'diet', 'Canned');
INSERT INTO has (username, name, rtype, requirement) VALUES ('faslen1u', 'Bug',  'diet', 'Fresh');
INSERT INTO has (username, name, rtype, requirement) VALUES ('cebbutt1w', 'Darling', 'diet', 'Grain');
INSERT INTO has (username, name, rtype, requirement) VALUES ('sweepers1x', 'Honey', 'diet', 'Fresh');
INSERT INTO has (username, name, rtype, requirement) VALUES ('kritchley1y', 'Babe', 'diet', 'Fresh');
INSERT INTO has (username, name, rtype, requirement) VALUES ('kbunny1z', 'Smelly', 'diet', 'Canned');
INSERT INTO has (username, name, rtype, requirement) VALUES ('ashark20', 'Woof', 'walk', 'Daily');
INSERT INTO has (username, name, rtype, requirement) VALUES ('ashark20', 'Woof', 'diet', 'Canned');
INSERT INTO has (username, name, rtype, requirement) VALUES ('cferrarin21', 'Baby', 'walk', 'Daily');
INSERT INTO has (username, name, rtype, requirement) VALUES ('cferrarin21', 'Baby', 'diet', 'Semi-moist');

INSERT INTO period (start_date, end_date) VALUES ('2020-06-06', '2020-06-06');
INSERT INTO period (start_date, end_date) VALUES ('2020-06-23', '2020-06-23');
INSERT INTO period (start_date, end_date) VALUES ('2021-06-22', '2021-06-22');
INSERT INTO period (start_date, end_date) VALUES ('2020-07-23', '2020-07-23');
INSERT INTO period (start_date, end_date) VALUES ('2020-10-13', '2020-10-13');
INSERT INTO period (start_date, end_date) VALUES ('2021-02-14', '2021-02-14');
INSERT INTO period (start_date, end_date) VALUES ('2021-03-10', '2021-05-14');
INSERT INTO period (start_date, end_date) VALUES ('2020-10-23', '2020-10-28');
INSERT INTO period (start_date, end_date) VALUES ('2021-04-18', '2021-05-31');
INSERT INTO period (start_date, end_date) VALUES ('2020-10-22', '2020-12-23');
INSERT INTO period (start_date, end_date) VALUES ('2021-01-17', '2021-01-27');
INSERT INTO period (start_date, end_date) VALUES ('2021-07-21', '2021-07-27');
INSERT INTO period (start_date, end_date) VALUES ('2020-05-14', '2020-05-26');
INSERT INTO period (start_date, end_date) VALUES ('2020-12-28', '2020-12-29');
INSERT INTO period (start_date, end_date) VALUES ('2021-07-20', '2021-07-21');
INSERT INTO period (start_date, end_date) VALUES ('2021-02-14', '2021-02-22');
INSERT INTO period (start_date, end_date) VALUES ('2021-06-15', '2021-06-17');
INSERT INTO period (start_date, end_date) VALUES ('2021-06-15', '2021-06-20');
INSERT INTO period (start_date, end_date) VALUES ('2021-04-24', '2021-04-30');
INSERT INTO period (start_date, end_date) VALUES ('2021-05-27', '2021-05-31');
INSERT INTO period (start_date, end_date) VALUES ('2020-10-30', '2020-12-12');

INSERT INTO take_care (username, name, start_date, end_date, ctuname, has_paid, daily_price, is_completed, review, rating, transfer_method, payment_mode) VALUES ('mginnallyl', 'Spiky', '2020-10-23', '2020-10-28', 'sgemnett9', TRUE, 80, TRUE, 'Great caretaker', 5, 'Deliver', 'Card');
INSERT INTO take_care (username, name, start_date, end_date, ctuname, has_paid, daily_price, is_completed, review, rating, transfer_method, payment_mode) VALUES ('kbellamn', 'Hello World', '2021-07-20', '2021-07-21', 'sgemnett9', FALSE, 50, FALSE, NULL, NULL, 'PCS', 'Card');
INSERT INTO take_care (username, name, start_date, end_date, ctuname, has_paid, daily_price, is_completed, review, rating, transfer_method, payment_mode) VALUES ('kbunny1z', 'Smelly', '2021-06-15', '2021-06-17', 'sgemnett9', FALSE,  75, FALSE, NULL , NULL, 'PCS', 'Cash');
INSERT INTO take_care (username, name, start_date, end_date, ctuname, has_paid, daily_price, is_completed, review, rating, transfer_method, payment_mode) VALUES ('ashark20', 'Woof', '2020-10-30', '2020-12-12', 'sgemnett9', FALSE,  80, FALSE, NULL , NULL, 'PCS', 'Cash');
INSERT INTO take_care (username, name, start_date, end_date, ctuname, has_paid, daily_price, is_completed, review, rating, transfer_method, payment_mode) VALUES ('emacilraith1e', 'Lightning', '2021-01-17', '2021-01-27', 'sgemnett9', FALSE, 20, FALSE, NULL, NULL, 'PCS', 'Cash');
INSERT INTO take_care (username, name, start_date, end_date, ctuname, has_paid, daily_price, is_completed, review, rating, transfer_method, payment_mode) VALUES ('aperrat1b',  'Boy', '2021-02-14', '2021-02-22', 'sgemnett9', TRUE, 80, FALSE, NULL, NULL, 'Deliver', 'Card');
INSERT INTO take_care (username, name, start_date, end_date, ctuname, has_paid, daily_price, is_completed, review, rating, transfer_method, payment_mode) VALUES ('mrealff1i', 'Sool', '2020-05-14', '2020-05-26', 'sgemnett9', TRUE, 80, TRUE, 'Disappointed', 2, 'Deliver', 'Card');
INSERT INTO take_care (username, name, start_date, end_date, ctuname, has_paid, daily_price, is_completed, review, rating, transfer_method, payment_mode) VALUES ('cebbutt1w', 'Darling', '2021-03-10', '2021-05-14', 'sgemnett9', TRUE, 50, FALSE, NULL, NULL, 'Pick up', 'Cash');
INSERT INTO take_care (username, name, start_date, end_date, ctuname, has_paid, daily_price, is_completed, review, rating, transfer_method, payment_mode) VALUES ('rbaudinet1n', 'Frank', '2020-10-22', '2020-12-23', 'sgemnett9', FALSE, 50, FALSE, NULL, NULL, 'PCS', 'Cash');
INSERT INTO take_care (username, name, start_date, end_date, ctuname, has_paid, daily_price, is_completed, review, rating, transfer_method, payment_mode) VALUES ('abohman1r', 'Dear', '2021-07-21', '2021-07-27', 'sgemnett9', FALSE, 80, FALSE, NULL, NULL, 'Pick up', 'Cash');
INSERT INTO take_care (username, name, start_date, end_date, ctuname, has_paid, daily_price, is_completed, review, rating, transfer_method, payment_mode) VALUES ('sarmytagem', 'Nelly', '2020-10-23', '2020-10-28', 'ggyrgorcewicx0', TRUE, 60, TRUE, 'My pet is injured', 2, 'Pick up', 'Card');
INSERT INTO take_care (username, name, start_date, end_date, ctuname, has_paid, daily_price, is_completed, review, rating, transfer_method, payment_mode) VALUES ('tcroydono', 'Flash', '2021-04-24', '2021-04-30', 'ggyrgorcewicx0', TRUE, 50, FALSE, NULL, NULL, 'Deliver', 'Card');
INSERT INTO take_care (username, name, start_date, end_date, ctuname, has_paid, daily_price, is_completed, review, rating, transfer_method, payment_mode) VALUES ('lschruyersp', 'Reddy', '2021-06-15', '2021-06-20', 'fscothorn6', TRUE, 95, FALSE, NULL, NULL, 'Pick up', 'Card');
INSERT INTO take_care (username, name, start_date, end_date, ctuname, has_paid, daily_price, is_completed, review, rating, transfer_method, payment_mode) VALUES ('cpurslowq', 'Yoyo', '2020-06-06', '2020-06-06', 'vattowd', TRUE, 50, TRUE, 'Careful caretaker', 4, 'PCS', 'Card');
INSERT INTO take_care (username, name, start_date, end_date, ctuname, has_paid, daily_price, is_completed, review, rating, transfer_method, payment_mode) VALUES ('cpurslowq', 'Yoyo', '2020-06-23', '2020-06-23', 'vattowd', TRUE, 50, TRUE, NULL, NULL, 'PCS', 'Card');
INSERT INTO take_care (username, name, start_date, end_date, ctuname, has_paid, daily_price, is_completed, review, rating, transfer_method, payment_mode) VALUES ('rbaudinet1n', 'Frank', '2020-06-23', '2020-06-23', 'vattowd', TRUE, 50, TRUE, NULL, NULL, 'PCS', 'Card');
INSERT INTO take_care (username, name, start_date, end_date, ctuname, has_paid, daily_price, is_completed, review, rating, transfer_method, payment_mode) VALUES ('cebbutt1w', 'Darling', '2020-06-23', '2020-06-23', 'vattowd', TRUE, 50, TRUE, NULL, NULL, 'Deliver', 'Cash');
INSERT INTO take_care (username, name, start_date, end_date, ctuname, has_paid, daily_price, is_completed, review, rating, transfer_method, payment_mode) VALUES ('chummr', 'Jumpy', '2021-04-24', '2021-04-30', 'hpoppy2', FALSE, 43, FALSE, NULL, NULL, 'Pick up', 'Cash');
INSERT INTO take_care (username, name, start_date, end_date, ctuname, has_paid, daily_price, is_completed, review, rating, transfer_method, payment_mode) VALUES ('lutting17', 'Run', '2020-10-13', '2020-10-13', 'voh', TRUE, 40, TRUE, 'Disappointed with the service', 3, 'Deliver', 'Cash');
INSERT INTO take_care (username, name, start_date, end_date, ctuname, has_paid, daily_price, is_completed, review, rating, transfer_method, payment_mode) VALUES ('agunstone18', 'Dirty', '2020-12-28', '2020-12-29', 'zbehagg8', FALSE, 50, FALSE, NULL, NULL, 'Pick up', 'Cash');
INSERT INTO take_care (username, name, start_date, end_date, ctuname, has_paid, daily_price, is_completed, review, rating, transfer_method, payment_mode) VALUES ('ndenne19', 'Blacky', '2021-06-15', '2021-06-20', 'mdowthwaite5', TRUE, 23, FALSE, NULL, NULL, 'Deliver', 'Cash');
INSERT INTO take_care (username, name, start_date, end_date, ctuname, has_paid, daily_price, is_completed, review, rating, transfer_method, payment_mode) VALUES ('fleggett1a', 'Red Grouper', '2020-12-28', '2020-12-29', 'kborgbartolo1', TRUE, 21, FALSE, NULL, NULL, 'Pick up', 'Cash');
INSERT INTO take_care (username, name, start_date, end_date, ctuname, has_paid, daily_price, is_completed, review, rating, transfer_method, payment_mode) VALUES ('ostockin1c', 'Tsk Tsk', '2021-02-14', '2021-02-22', 'fscothorn6', FALSE, 95, FALSE, NULL, NULL, 'Pick up', 'Cash');
INSERT INTO take_care (username, name, start_date, end_date, ctuname, has_paid, daily_price, is_completed, review, rating, transfer_method, payment_mode) VALUES ('jpohl1d', 'Rare', '2020-05-14', '2020-05-26', 'eloosley4', TRUE, 40, TRUE, 'He takes care of my pet well', 4, 'Pick up', 'Cash');
INSERT INTO take_care (username, name, start_date, end_date, ctuname, has_paid, daily_price, is_completed, review, rating, transfer_method, payment_mode) VALUES ('gcanadas1f', 'Soft', '2021-06-22', '2021-06-22', 'goxshottc', TRUE, 50, FALSE, NULL, NULL, 'Deliver', 'Card');
INSERT INTO take_care (username, name, start_date, end_date, ctuname, has_paid, daily_price, is_completed, review, rating, transfer_method, payment_mode) VALUES ('coxbury1g', 'Leo', '2020-10-22', '2020-12-23', 'tgunnell7', TRUE, 64, FALSE, NULL, NULL, 'Deliver', 'Card');
INSERT INTO take_care (username, name, start_date, end_date, ctuname, has_paid, daily_price, is_completed, review, rating, transfer_method, payment_mode) VALUES ('bwheelwright1h', 'Spotty', '2020-10-22', '2020-12-23', 'zbehagg8', FALSE, 50, FALSE, NULL, NULL, 'Pick up', 'Card');
INSERT INTO take_care (username, name, start_date, end_date, ctuname, has_paid, daily_price, is_completed, review, rating, transfer_method, payment_mode) VALUES ('gmckinna1j', 'Rady', '2021-01-17', '2021-01-27', 'kborgbartolo1', TRUE, 21, FALSE, NULL, NULL, 'PCS', 'Card');
INSERT INTO take_care (username, name, start_date, end_date, ctuname, has_paid, daily_price, is_completed, review, rating, transfer_method, payment_mode) VALUES ('bmatushenko1k', 'Stripy', '2020-05-14', '2020-05-26', 'eloosley4', TRUE, 40, TRUE, 'Feed wrong food. Pet fell sick', 2, 'PCS', 'Cash');
INSERT INTO take_care (username, name, start_date, end_date, ctuname, has_paid, daily_price, is_completed, review, rating, transfer_method, payment_mode) VALUES ('alockier1l', 'Ham' ,  '2021-02-14',  '2021-02-14', 'jcanadasj', FALSE, 50, FALSE, NULL, NULL, 'Deliver', 'Cash');
INSERT INTO take_care (username, name, start_date, end_date, ctuname, has_paid, daily_price, is_completed, review, rating, transfer_method, payment_mode) VALUES ('kquarmby1m', 'Slowly', '2020-10-13', '2020-10-13', 'mdowthwaite5', TRUE, 15, TRUE, 'Good', 4, 'Pick up', 'Cash');
INSERT INTO take_care (username, name, start_date, end_date, ctuname, has_paid, daily_price, is_completed, review, rating, transfer_method, payment_mode) VALUES ('rbaudinet1n', 'Bao', '2020-10-22', '2020-12-23', 'fscothorn6', TRUE, 42, FALSE, NULL, NULL, 'Pick up', 'Cash');
INSERT INTO take_care (username, name, start_date, end_date, ctuname, has_paid, daily_price, is_completed, review, rating, transfer_method, payment_mode) VALUES ('bmurty1o', 'Gilley', '2020-10-22', '2020-12-23', 'eloosley4', FALSE, 25, FALSE, NULL, NULL, 'Deliver', 'Cash');
INSERT INTO take_care (username, name, start_date, end_date, ctuname, has_paid, daily_price, is_completed, review, rating, transfer_method, payment_mode) VALUES ('amaple1p', 'Mist', '2021-04-18', '2021-05-31', 'fscothorn6', TRUE, 95, FALSE, NULL, NULL, 'PCS', 'Cash');
INSERT INTO take_care (username, name, start_date, end_date, ctuname, has_paid, daily_price, is_completed, review, rating, transfer_method, payment_mode) VALUES ('qguilaem1q', 'Girl', '2020-10-22', '2020-12-23', 'ggyrgorcewicx0', TRUE, 50, FALSE, NULL, NULL, 'PCS', 'Cash');
INSERT INTO take_care (username, name, start_date, end_date, ctuname, has_paid, daily_price, is_completed, review, rating, transfer_method, payment_mode) VALUES ('abohman1r', 'Angel', '2021-04-18', '2021-05-31', 'zbehagg8', TRUE, 75, FALSE, NULL, NULL, 'Deliver', 'Cash');
INSERT INTO take_care (username, name, start_date, end_date, ctuname, has_paid, daily_price, is_completed, review, rating, transfer_method, payment_mode) VALUES ('ntelling1s', 'Dusty', '2021-05-27', '2021-05-31', 'fscothorn6', FALSE, 42, FALSE, NULL, NULL, 'Pick up', 'Cash');
INSERT INTO take_care (username, name, start_date, end_date, ctuname, has_paid, daily_price, is_completed, review, rating, transfer_method, payment_mode) VALUES ('qmcfadin1t', 'Chloe', '2021-04-18', '2021-05-31', 'gde3', FALSE, 61, FALSE, NULL, NULL, 'Deliver', 'Cash');
INSERT INTO take_care (username, name, start_date, end_date, ctuname, has_paid, daily_price, is_completed, review, rating, transfer_method, payment_mode) VALUES ('faslen1u', 'Bug', '2021-06-15', '2021-06-17', 'zbehagg8', FALSE, 35, FALSE, NULL, NULL, 'Pick up', 'Cash');
INSERT INTO take_care (username, name, start_date, end_date, ctuname, has_paid, daily_price, is_completed, review, rating, transfer_method, payment_mode) VALUES ('cruncieman1v', 'Boo', '2020-07-23', '2020-07-23', 'hpoppy2', TRUE, 43, TRUE, 'Responsible Caretaker', 5, 'PCS', 'Cash');
INSERT INTO take_care (username, name, start_date, end_date, ctuname, has_paid, daily_price, is_completed, review, rating, transfer_method, payment_mode) VALUES ('sweepers1x', 'Honey', '2020-10-30', '2020-12-12', 'mdowthwaite5', FALSE, 15, FALSE, NULL, NULL, 'PCS', 'Cash');
INSERT INTO take_care (username, name, start_date, end_date, ctuname, has_paid, daily_price, is_completed, review, rating, transfer_method, payment_mode) VALUES ('kritchley1y', 'Babe', '2021-03-10', '2021-05-14', 'ggyrgorcewicx0', FALSE,  50, FALSE, NULL, NULL, 'Deliver', 'Cash');
INSERT INTO take_care (username, name, start_date, end_date, ctuname, has_paid, daily_price, is_completed, review, rating, transfer_method, payment_mode) VALUES ('cferrarin21', 'Baby', '2020-10-30', '2020-12-12', 'zbehagg8', TRUE, 75, FALSE, NULL, NULL,  'Pick up', 'Cash');
INSERT INTO take_care (username, name, start_date, end_date, ctuname, has_paid, daily_price, is_completed, review, rating, transfer_method, payment_mode) VALUES ('rskaid22', 'Liz', '2021-03-10', '2021-05-14', 'fscothorn6', FALSE,  95, FALSE, NULL , NULL, 'Deliver', 'Cash');
